drug,smiles,BBB_score,MW,LogP,TPSA,HBD,HBA
AV-412,CC1=CC=C(C=C1)S(=O)(=O)O.CC1=CC=C(C=C1)S(=O)(=O)O.CC(C)(C#CC1=CC2=C(C=C1NC(=O)C=C)C(=NC=N2)NC3=CC(=C(C=C3)F)Cl)N4CCN(CC4)C,0.0,851.4229999999995,7.1513400000000065,182.13000000000002,4.0,10.0
Abarelix,CC(C)CC(C(=O)NC(CCCCNC(C)C)C(=O)N1CCCC1C(=O)NC(C)C(=O)N)NC(=O)C(CC(=O)N)NC(=O)C(CC2=CC=C(C=C2)O)N(C)C(=O)C(CO)NC(=O)C(CC3=CN=CC=C3)NC(=O)C(CC4=CC=C(C=C4)Cl)NC(=O)C(CC5=CC6=CC=CC=C6C=C5)NC(=O)C,2.0,1416.089,1.1679999999999804,424.97999999999985,13.0,16.0
Abivertinib,CN1CCN(CC1)C2=C(C=C(C=C2)NC3=NC4=C(C=CN4)C(=N3)OC5=CC=CC(=C5)NC(=O)C=C)F,3.0,487.5390000000002,4.5092000000000025,98.41,3.0,7.0
Afatinib,CN(C)CC=CC(=O)NC1=C(C=C2C(=C1)C(=NC=N2)NC3=CC(=C(C=C3)F)Cl)OC4CCOC4,5.0,485.94700000000023,4.389900000000003,88.61000000000001,2.0,7.0
Aldesleukin,,,,,,,
Alitretinoin,CC1=C(C(CCC1)(C)C)C=CC(=CC=CC(=CC(=O)O)C)C,6.0,300.44200000000006,5.602600000000005,37.3,1.0,1.0
Alpelisib,CC1=C(SC(=N1)NC(=O)N2CCCC2C(=O)N)C3=CC(=NC=C3)C(C)(C)C(F)(F)F,4.0,441.4790000000001,3.835020000000002,101.21000000000001,2.0,5.0
Alvocidib,CN1CCC(C(C1)O)C2=C(C=C(C3=C2OC(=CC3=O)C4=CC=CC=C4Cl)O)O,5.0,401.846,3.3046000000000024,94.14,3.0,6.0
Amivantamab,,,,,,,
Anifrolumab,,,,,,,
Antithymocyte immunoglobulin (rabbit),,,,,,,
Belinostat,C1=CC=C(C=C1)NS(=O)(=O)C2=CC=CC(=C2)C=CC(=O)NO,5.0,318.35400000000004,2.006,95.5,3.0,4.0
Bevacizumab,,,,,,,
Bexarotene,CC1=CC2=C(C=C1C(=C)C3=CC=C(C=C3)C(=O)O)C(CCC2(C)C)(C)C,6.0,348.4860000000002,6.103720000000006,37.3,1.0,1.0
Binimetinib,CN1C=NC2=C1C=C(C(=C2F)NC3=C(C=C(C=C3)Br)F)C(=O)NOCCO,7.0,441.23200000000014,3.0113,88.41000000000001,3.0,5.0
Bleomycin,CC1=C(N=C(N=C1N)C(CC(=O)N)NCC(C(=O)N)N)C(=O)NC(C(C2=CN=CN2)OC3C(C(C(C(O3)CO)O)O)OC4C(C(C(C(O4)CO)O)OC(=O)N)O)C(=O)NC(C)C(C(C)C(=O)NC(C(C)O)C(=O)NCCC5=NC(=CS5)C6=NC(=CS6)C(=O)NCCC[S+](C)C)O,1.0,1415.5760000000005,-7.703580000000028,627.07,20.0,31.0
Bosutinib,CN1CCN(CC1)CCCOC2=C(C=C3C(=C2)N=CC(=C3NC4=CC(=C(C=C4Cl)Cl)OC)C#N)OC,3.0,530.4560000000001,5.190380000000005,82.88000000000001,1.0,8.0
Brigatinib,CN1CCN(CC1)C2CCN(CC2)C3=CC(=C(C=C3)NC4=NC=C(C(=N4)NC5=CC=CC=C5P(=O)(C)C)Cl)OC,3.0,584.1050000000001,5.090000000000004,85.86,2.0,9.0
Buserelin,CCNC(=O)C1CCCN1C(=O)C(CCCN=C(N)N)NC(=O)C(CC(C)C)NC(=O)C(COC(C)(C)C)NC(=O)C(CC2=CC=C(C=C2)O)NC(=O)C(CO)NC(=O)C(CC3=CNC4=CC=CC=C43)NC(=O)C(CC5=CN=CN5)NC(=O)C6CCC(=O)N6,1.0,1239.4470000000006,-1.669100000000012,440.76999999999987,15.0,15.0
Cabozantinib,COC1=CC2=C(C=CN=C2C=C1OC)OC3=CC=C(C=C3)NC(=O)C4(CC4)C(=O)NC5=CC=C(C=C5)F,2.0,501.51400000000024,5.5408000000000035,98.78,2.0,6.0
Capmatinib,CNC(=O)C1=C(C=C(C=C1)C2=NN3C(=CN=C3N=C2)CC4=CC5=C(C=C4)N=CC=C5)F,7.0,412.4280000000001,3.429000000000002,85.07000000000001,1.0,5.0
Carfilzomib,CC(C)CC(C(=O)C1(CO1)C)NC(=O)C(CC2=CC=CC=C2)NC(=O)C(CC(C)C)NC(=O)C(CCC3=CC=CC=C3)NC(=O)CN4CCOCC4,2.0,719.924,2.5835000000000052,158.47,4.0,8.0
Cetuximab,,,,,,,
Choline,C[N+](C)(C)CCO,7.0,104.17299999999999,-0.3150999999999999,20.23,1.0,1.0
Cintredekin besudotox,,,,,,,
Cisplatin,N.N.Cl[Pt]Cl,7.0,300.04600000000005,1.7004999999999997,70.0,2.0,2.0
Copanlisib,COC1=C(C=CC2=C3NCCN3C(=NC(=O)C4=CN=C(N=C4)N)N=C21)OCCCN5CCOCC5,2.0,480.5290000000004,0.6848000000000003,142.01,2.0,10.0
Crizotinib,CC(C1=C(C=CC(=C1Cl)F)Cl)OC2=C(N=CC(=C2)C3=CN(N=C3)C4CCNCC4)N,4.0,450.3450000000002,5.037700000000004,77.99,2.0,5.0
Cyclosporine,CCC1C(=O)N(CC(=O)N(C(C(=O)NC(C(=O)N(C(C(=O)NC(C(=O)NC(C(=O)N(C(C(=O)N(C(C(=O)N(C(C(=O)N(C(C(=O)N1)C(C(C)CC=CC)O)C)C(C)C)C)CC(C)C)C)CC(C)C)C)C)C)CC(C)C)C)C(C)C)CC(C)C)C)C,2.0,1202.6349999999982,3.2690000000000063,278.8,5.0,12.0
Dabrafenib,CC(C)(C)C1=NC(=C(S1)C2=NC(=NC=C2)N)C3=C(C(=CC=C3)NS(=O)(=O)C4=C(C=CC=C4F)F)F,2.0,519.5740000000002,5.364900000000002,110.85999999999999,2.0,7.0
Dacarbazine,CN(C)N=NC1=C(NC=N1)C(=O)N,4.0,182.18699999999995,0.06890000000000013,99.73,2.0,4.0
Daclizumab,,,,,,,
Dacomitinib,COC1=C(C=C2C(=C1)N=CN=C2NC3=CC(=C(C=C3)F)Cl)NC(=O)C=CCN4CCCCC4,4.0,469.9480000000003,5.155100000000003,79.38000000000001,2.0,6.0
Dasatinib,CC1=C(C(=CC=C1)Cl)NC(=O)C2=CN=C(S2)NC3=CC(=NC(=N3)C)N4CCN(CC4)CCO,3.0,488.01700000000034,3.313540000000002,106.50999999999999,3.0,9.0
Decitabine,C1C(C(OC1N2C=NC(=NC2=O)N)CO)O,4.0,228.20799999999997,-2.1387999999999985,123.49000000000001,3.0,7.0
Degarelix,CC(C)CC(C(=O)NC(CCCCNC(C)C)C(=O)N1CCCC1C(=O)NC(C)C(=O)N)NC(=O)C(CC2=CC=C(C=C2)NC(=O)N)NC(=O)C(CC3=CC=C(C=C3)NC(=O)C4CC(=O)NC(=O)N4)NC(=O)C(CO)NC(=O)C(CC5=CN=CC=C5)NC(=O)C(CC6=CC=C(C=C6)Cl)NC(=O)C(CC7=CC8=CC=CC=C8C=C7)NC(=O)C,2.0,1632.2890000000002,1.5146999999999755,512.8699999999998,17.0,18.0
Denileukin diftitox,,,,,,,
Diethylstilbestrol,CCC(=C(CC)C1=CC=C(C=C1)O)C2=CC=C(C=C2)O,7.0,268.356,4.828600000000005,40.46,2.0,2.0
Dimethyl fumarate,COC(=O)C=CC(=O)OC,7.0,144.12599999999998,-0.11140000000000017,52.60000000000001,0.0,4.0
Entinostat,C1=CC=C(C(=C1)N)NC(=O)C2=CC=C(C=C2)CNC(=O)OCC3=CN=CC=C3,5.0,376.4160000000001,3.342500000000001,106.34,3.0,5.0
Entrectinib,CN1CCN(CC1)C2=CC(=C(C=C2)C(=O)NC3=NNC4=C3C=C(C=C4)CC5=CC(=CC(=C5)F)F)NC6CCOCC6,4.0,560.649,5.026900000000004,85.52,3.0,6.0
Erdafitinib,CC(C)NCCN(C1=CC2=NC(=CN=C2C=C1)C3=CN(N=C3)C)C4=CC(=CC(=C4)OC)OC,6.0,446.55500000000023,4.183600000000003,77.33,1.0,7.0
Erlotinib,COCCOC1=C(C=C2C(=C1)C(=NC=N2)NC3=CC=CC(=C3)C#C)OCCOC,7.0,393.4430000000002,3.405100000000002,74.73,1.0,7.0
Estradiol acetate,CC(=O)OC1=CC2=C(C=C1)C3CCC4(C(C3CC2)CCC4O)C,7.0,314.425,3.8289000000000026,46.53,1.0,3.0
Estradiol benzoate,CC12CCC3C(C1CCC2O)CCC4=C3C=CC(=C4)OC(=O)C5=CC=CC=C5,6.0,376.4960000000001,5.122800000000005,46.53,1.0,3.0
Estradiol cypionate,CC12CCC3C(C1CCC2OC(=O)CCC4CCCC4)CCC5=C3C=CC(=C5)O,6.0,396.5710000000002,6.130500000000008,46.53,1.0,3.0
Estradiol valerate,CCCCC(=O)OC1CCC2C1(CCC3C2CCC4=C3C=CC(=C4)O)C,6.0,356.50600000000003,5.350300000000006,46.53,1.0,3.0
Etanercept,,,,,,,
Fingolimod,CCCCCCCCC1=CC=C(C=C1)CCC(CO)(CO)N,8.0,307.47800000000007,3.2043000000000013,66.48,3.0,3.0
Gefitinib,COC1=C(C=C2C(=C1)N=CN=C2NC3=CC(=C(C=C3)F)Cl)OCCCN4CCOCC4,7.0,446.91000000000037,4.2756000000000025,68.74000000000001,1.0,7.0
Gemcitabine,C1=CN(C(=O)N=C1N)C2C(C(C(O2)CO)O)(F)F,4.0,263.2,-1.2886000000000004,110.60000000000001,3.0,6.0
Genistein,C1=CC(=CC=C1C2=COC3=CC(=CC(=C3C2=O)O)O)O,5.0,270.23999999999995,2.576800000000001,90.9,3.0,5.0
Gilteritinib,CCC1=C(N=C(C(=N1)C(=O)N)NC2=CC(=C(C=C2)N3CCC(CC3)N4CCN(CC4)C)OC)NC5CCOCC5,3.0,552.7240000000004,2.6972000000000014,121.11,3.0,10.0
Glasdegib,CN1CCC(CC1C2=NC3=CC=CC=C3N2)NC(=O)NC4=CC=C(C=C4)C#N,5.0,374.44800000000015,3.391580000000001,96.84,3.0,4.0
Goserelin,CC(C)CC(C(=O)NC(CCCN=C(N)N)C(=O)N1CCCC1C(=O)NNC(=O)N)NC(=O)C(COC(C)(C)C)NC(=O)C(CC2=CC=C(C=C2)O)NC(=O)C(CO)NC(=O)C(CC3=CNC4=CC=CC=C43)NC(=O)C(CC5=CN=CN5)NC(=O)C6CCC(=O)N6,1.0,1269.4330000000004,-3.1057000000000246,495.8899999999999,17.0,16.0
Histrelin,CCNC(=O)C1CCCN1C(=O)C(CCCN=C(N)N)NC(=O)C(CC(C)C)NC(=O)C(CC2=CN(C=N2)CC3=CC=CC=C3)NC(=O)C(CC4=CC=C(C=C4)O)NC(=O)C(CO)NC(=O)C(CC5=CNC6=CC=CC=C65)NC(=O)C(CC7=CN=CN7)NC(=O)C8CCC(=O)N8,1.0,1323.5280000000005,-0.9967000000000052,449.3599999999999,15.0,15.0
Human interferon beta,,,,,,,
Icotinib,C#CC1=CC(=CC=C1)NC2=NC=NC3=CC4=C(C=C32)OCCOCCOCCO4,7.0,391.4270000000003,3.1591000000000005,74.73000000000002,1.0,7.0
Imatinib,CC1=C(C=C(C=C1)NC(=O)C2=CC=C(C=C2)CN3CCN(CC3)C)NC4=NC=CC(=N4)C5=CN=CC=C5,5.0,493.61500000000024,4.590320000000003,86.28000000000002,2.0,7.0
Interferon alfa,,,,,,,
Interferon alfa-2a,,,,,,,
Interferon alfa-2b,CCCN(CCOC1=C(C=C(C=C1Cl)Cl)Cl)C(=O)N2C=CN=C2.C(S(=O)(=O)[O-])(I)I.[Na+],4.0,746.5520000000001,2.2916000000000007,104.56,0.0,6.0
Interferon alfa-n1,,,,,,,
Interferon alfa-n3,,,,,,,
Interferon alfacon-1,,,,,,,
Interferon beta-1a,,,,,,,
Interferon beta-1b,,,,,,,
Lapatinib,CS(=O)(=O)CCNCC1=CC=C(O1)C2=CC3=C(C=C2)N=CN=C3NC4=CC(=C(C=C4)OCC5=CC(=CC=C5)F)Cl,1.0,581.0690000000003,6.139100000000004,106.35000000000001,2.0,8.0
Larotrectinib,C1CC(N(C1)C2=NC3=C(C=NN3C=C2)NC(=O)N4CCC(C4)O)C5=C(C=CC(=C5)F)F,7.0,428.4430000000002,2.9475000000000016,86.00000000000001,2.0,5.0
Lenvatinib,COC1=CC2=NC=CC(=C2C=C1C(=O)N)OC3=CC(=C(C=C3)NC(=O)NC4CC4)Cl,4.0,426.8600000000001,4.071900000000001,115.57,3.0,5.0
Leuprolide,CCNC(=O)C1CCCN1C(=O)C(CCCN=C(N)N)NC(=O)C(CC(C)C)NC(=O)C(CC(C)C)NC(=O)C(CC2=CC=C(C=C2)O)NC(=O)C(CO)NC(=O)C(CC3=CNC4=CC=CC=C43)NC(=O)C(CC5=CN=CN5)NC(=O)C6CCC(=O)N6,1.0,1209.4210000000005,-1.438100000000009,431.53999999999985,15.0,14.0
Masoprocol,CC(CC1=CC(=C(C=C1)O)O)C(C)CC2=CC(=C(C=C2)O)O,5.0,302.36999999999995,3.5664000000000033,80.92,4.0,4.0
Methotrexate,CN(CC1=CN=C2C(=N1)C(=NC(=N2)N)N)C3=CC=C(C=C3)C(=O)NC(CCC(=O)O)C(=O)O,1.0,454.44700000000023,0.2684000000000003,210.53999999999996,5.0,10.0
Midostaurin,CC12C(C(CC(O1)N3C4=CC=CC=C4C5=C6C(=C7C8=CC=CC=C8N2C7=C53)CNC6=O)N(C)C(=O)C9=CC=CC=C9)OC,4.0,570.6490000000003,5.906800000000007,77.73,1.0,4.0
Mobocertinib,CC(C)OC(=O)C1=CN=C(N=C1C2=CN(C3=CC=CC=C32)C)NC4=C(C=C(C(=C4)NC(=O)C=C)N(C)CCN(C)C)OC,1.0,585.7090000000003,5.075000000000004,113.84999999999998,2.0,9.0
Muromonab,,,,,,,
Natalizumab,,,,,,,
Necitumumab,,,,,,,
Neratinib,CCOC1=C(C=C2C(=C1)N=CC(=C2NC3=CC(=C(C=C3)OCC4=CC=CC=N4)Cl)C#N)NC(=O)C=CCN(C)C,1.0,557.0540000000001,5.932480000000006,112.39999999999999,2.0,8.0
Nintedanib,CN1CCN(CC1)CC(=O)N(C)C2=CC=C(C=C2)N=C(C3=CC=CC=C3)C4=C(NC5=C4C=CC(=C5)C(=O)OC)O,3.0,539.6360000000003,4.039400000000003,101.47,2.0,7.0
Niraparib,C1CC(CNC1)C2=CC=C(C=C2)N3C=C4C=CC=C(C4=N3)C(=O)N,7.0,320.3960000000001,2.5914,72.94,2.0,3.0
Olaparib,C1CC1C(=O)N2CCN(CC2)C(=O)C3=C(C=CC(=C3)CC4=NNC(=O)C5=CC=CC=C54)F,7.0,434.4710000000001,2.3473999999999995,86.37,1.0,4.0
Olaratumab,,,,,,,
Olmutinib,CN1CCN(CC1)C2=CC=C(C=C2)NC3=NC4=C(C(=N3)OC5=CC=CC(=C5)NC(=O)C=C)SC=C4,3.0,486.60100000000017,5.103500000000004,82.62,2.0,8.0
Osimertinib,CN1C=C(C2=CC=CC=C21)C3=NC(=NC=C3)NC4=C(C=C(C(=C4)NC(=O)C=C)N(C)CCN(C)C)OC,5.0,499.6190000000003,4.509800000000004,87.55,2.0,7.0
Ozanimod,CC(C)OC1=C(C=C(C=C1)C2=NC(=NO2)C3=C4CCC(C4=CC=C3)NCCO)C#N,4.0,404.4700000000001,3.6316800000000025,104.20000000000002,2.0,7.0
Panitumumab,,,,,,,
Panobinostat,CC1=C(C2=CC=CC=C2N1)CCNCC3=CC=C(C=C3)C=CC(=O)NO,6.0,349.43399999999997,3.3272200000000014,77.15,4.0,3.0
Pazopanib,CC1=C(C=C(C=C1)NC2=NC=CC(=N2)N(C)C3=CC4=NN(C(=C4C=C3)C)C)S(=O)(=O)N,5.0,437.52900000000017,3.1390399999999996,119.02999999999999,2.0,7.0
Pegcetacoplan,,,,,,,
Peginterferon alfa-2a,,,,,,,
Peginterferon alfa-2b,,,,,,,
Peginterferon beta-1a,,,,,,,
Pelitinib,CCOC1=C(C=C2C(=C1)N=CC(=C2NC3=CC(=C(C=C3)F)Cl)C#N)NC(=O)C=CCN(C)C,2.0,467.93200000000013,5.097580000000004,90.27999999999999,2.0,6.0
Pemetrexed,C1=CC(=CC=C1CCC2=CNC3=C2C(=O)NC(=N3)N)C(=O)NC(CCC(=O)O)C(=O)O,3.0,427.4170000000002,0.6664,191.25999999999996,6.0,6.0
Pexidartinib,C1=CC(=NC=C1CC2=CNC3=C2C=C(C=N3)Cl)NCC4=CN=C(C=C4)C(F)(F)F,6.0,417.82200000000006,5.2280000000000015,66.49000000000001,2.0,4.0
Pimasertib,C1=CC(=C(C=C1I)F)NC2=C(C=CN=C2)C(=O)NCC(CO)O,4.0,431.20500000000015,1.6519000000000004,94.48,4.0,5.0
Ponatinib,CC1=C(C=C(C=C1)C(=O)NC2=CC(=C(C=C2)CN3CCN(CC3)C)C(F)(F)F)C#CC4=CN=C5N4N=CC=C5,6.0,532.5700000000003,4.456020000000003,65.77000000000001,1.0,5.0
Ponesimod,CCCN=C1N(C(=O)C(=CC2=CC(=C(C=C2)OCC(CO)O)Cl)S1)C3=CC=CC=C3C,5.0,460.9830000000001,4.267320000000004,82.36000000000001,2.0,6.0
Pralatrexate,C#CCC(CC1=CN=C2C(=N1)C(=NC(=N2)N)N)C3=CC=C(C=C3)C(=O)NC(CCC(=O)O)C(=O)O,1.0,477.4810000000003,0.9815999999999996,207.29999999999995,5.0,9.0
Pralsetinib,CC1=CC(=NN1)NC2=NC(=NC(=C2)C)C3CCC(CC3)(C(=O)NC(C)C4=CN=C(C=C4)N5C=C(C=N5)F)OC,2.0,533.6120000000002,4.200140000000003,135.53,3.0,8.0
Proguanil,CC(C)N=C(N)N=C(N)NC1=CC=C(C=C1)Cl,7.0,253.73700000000005,1.7897,88.78999999999999,3.0,1.0
Propylthiouracil,CCCC1=CC(=O)NC(=S)N1,8.0,170.237,1.38499,48.65,2.0,2.0
Regorafenib,CNC(=O)C1=NC=CC(=C1)OC2=CC(=C(C=C2)NC(=O)NC3=CC(=C(C=C3)Cl)C(F)(F)F)F,2.0,482.8210000000001,5.688800000000001,92.35,3.0,4.0
Relugolix,CN(C)CC1=C(SC2=C1C(=O)N(C(=O)N2CC3=C(C=CC=C3F)F)C4=NN=C(C=C4)OC)C5=CC=C(C=C5)NC(=O)NOC,2.0,623.6420000000002,3.7505000000000015,132.61,2.0,9.0
Ripretinib,CCN1C2=CC(=NC=C2C=C(C1=O)C3=CC(=C(C=C3Br)F)NC(=O)NC4=CC=CC=C4)NC,4.0,510.3670000000001,5.670700000000004,88.05,3.0,4.0
Romidepsin,CC=C1C(=O)NC(C(=O)OC2CC(=O)NC(C(=O)NC(CSSCCC=C2)C(=O)N1)C(C)C)C(C)C,2.0,540.7080000000002,1.4296000000000006,142.7,4.0,8.0
Ropeginterferon alfa-2b,COCCOC(=O)NCCCCC(CCN1CCCC1C(=O)O)NC(=O)OCCOC,4.0,447.5290000000002,1.2096000000000022,135.66000000000003,3.0,8.0
Rucaparib,CNCC1=CC=C(C=C1)C2=C3CCNC(=O)C4=C3C(=CC(=C4)F)N2,8.0,323.3709999999999,2.9793000000000003,56.919999999999995,3.0,2.0
Seliciclib,CCC(CO)NC1=NC(=C2C(=N1)N(C=N2)C(C)C)NCC3=CC=CC=C3,7.0,354.4580000000001,3.2021000000000015,87.89,3.0,6.0
Selinexor,C1=CN=C(C=N1)NNC(=O)C=CN2C=NC(=N2)C3=CC(=CC(=C3)C(F)(F)F)C(F)(F)F,5.0,443.31100000000004,3.386700000000001,97.62,2.0,6.0
Selumetinib,CN1C=NC2=C1C=C(C(=C2F)NC3=C(C=C(C=C3)Br)Cl)C(=O)NOCCO,5.0,457.6870000000001,3.525600000000001,88.41000000000001,3.0,5.0
Siponimod,CCC1=C(C=CC(=C1)C(=NOCC2=CC(=C(C=C2)C3CCCCC3)C(F)(F)F)C)CN4CC(C4)C(=O)O,5.0,516.6040000000004,6.772700000000007,62.129999999999995,1.0,4.0
Sonidegib,CC1CN(CC(O1)C)C2=NC=C(C=C2)NC(=O)C3=CC=CC(=C3C)C4=CC=C(C=C4)OC(F)(F)F,5.0,485.50600000000014,5.821520000000004,63.69,1.0,5.0
Sorafenib,CNC(=O)C1=NC=CC(=C1)OC2=CC=C(C=C2)NC(=O)NC3=CC(=C(C=C3)Cl)C(F)(F)F,2.0,464.83100000000013,5.549700000000002,92.35,3.0,4.0
Sunitinib,CCN(CC)CCNC(=O)C1=C(NC(=C1C)C=C2C3=C(C=CC(=C3)F)NC2=O)C,7.0,398.48200000000014,3.3349400000000022,77.23,3.0,3.0
Talazoparib,CN1C(=NC=N1)C2C(NC3=CC(=CC4=C3C2=NNC4=O)F)C5=CC=C(C=C5)F,7.0,380.35800000000006,2.6285000000000007,88.49000000000001,2.0,5.0
Tamoxifen,CCC(=C(C1=CC=CC=C1)C2=CC=C(C=C2)OCCN(C)C)C3=CC=CC=C3,6.0,371.52400000000006,5.996100000000006,12.47,0.0,2.0
Tazemetostat,CCN(C1CCOCC1)C2=CC(=CC(=C2C)C(=O)NCC3=C(C=C(NC3=O)C)C)C4=CC=C(C=C4)CN5CCOCC5,5.0,572.75,4.734660000000004,86.9,2.0,6.0
Tepotinib,CN1CCC(CC1)COC2=CN=C(N=C2)C3=CC=CC(=C3)CN4C(=O)C=CC(=N4)C5=CC=CC(=C5)C#N,3.0,492.58300000000025,4.007880000000003,96.93,0.0,7.0
Tivozanib,CC1=CC(=NO1)NC(=O)NC2=C(C=C(C=C2)OC3=C4C=C(C(=CC4=NC=C3)OC)OC)Cl,2.0,454.87000000000023,5.638120000000003,107.74000000000001,2.0,7.0
Trametinib,CC1=C2C(=C(N(C1=O)C)NC3=C(C=C(C=C3)I)F)C(=O)N(C(=O)N2C4=CC=CC(=C4)NC(=O)C)C5CC5,3.0,615.403,3.940120000000002,107.13,2.0,5.0
Tretinoin,CC1=C(C(CCC1)(C)C)C=CC(=CC=CC(=CC(=O)O)C)C,6.0,300.44200000000006,5.602600000000005,37.3,1.0,1.0
Trilaciclib,CN1CCN(CC1)C2=CN=C(C=C2)NC3=NC=C4C=C5C(=O)NCC6(N5C4=N3)CCCCC6,5.0,446.55900000000037,2.7245,91.21,2.0,7.0
Trimetrexate,CC1=C(C=CC2=C1C(=NC(=N2)N)N)CNC3=CC(=C(C(=C3)OC)OC)OC,4.0,369.4250000000001,2.740520000000001,117.54,3.0,8.0
Triptorelin,CC(C)CC(C(=O)NC(CCCN=C(N)N)C(=O)N1CCCC1C(=O)NCC(=O)N)NC(=O)C(CC2=CNC3=CC=CC=C32)NC(=O)C(CC4=CC=C(C=C4)O)NC(=O)C(CO)NC(=O)C(CC5=CNC6=CC=CC=C65)NC(=O)C(CC7=CN=CN7)NC(=O)C8CCC(=O)N8,1.0,1311.4730000000006,-2.294800000000013,490.4199999999999,17.0,15.0
Vandetanib,CN1CCC(CC1)COC2=C(C=C3C(=C2)N=CN=C3NC4=C(C=C(C=C4)Br)F)OC,5.0,475.3620000000001,5.004200000000004,59.510000000000005,1.0,6.0
Veliparib,CC1(CCCN1)C2=NC3=C(C=CC=C3N2)C(=O)N,7.0,244.29800000000003,1.2603999999999997,83.8,3.0,3.0
Vinblastine,CCC1(CC2CC(C3=C(CCN(C2)C1)C4=CC=CC=C4N3)(C5=C(C=C6C(=C5)C78CCN9C7C(C=CC9)(C(C(C8N6C)(C(=O)OC)O)OC(=O)C)CC)OC)C(=O)OC)O,2.0,810.9890000000001,3.990900000000004,154.1,3.0,12.0
Vismodegib,CS(=O)(=O)C1=CC(=C(C=C1)C(=O)NC2=CC(=C(C=C2)Cl)C3=CC=CC=N3)Cl,6.0,421.30500000000006,4.711200000000003,76.13,1.0,4.0
Vorinostat,C1=CC=C(C=C1)NC(=O)CCCCCCC(=O)NO,7.0,264.3249999999999,2.4710999999999994,78.43,3.0,3.0
Zanubrutinib,C=CC(=O)N1CCC(CC1)C2CCNC3=C(C(=NN23)C4=CC=C(C=C4)OC5=CC=CC=C5)C(=O)N,3.0,471.5610000000002,4.222600000000002,102.48,2.0,5.0
Arsenic trioxide,[O-2].[O-2].[O-2].[As+3].[As+3],6.0,197.841,-1.118,85.5,0.0,0.0
Azathioprine,CN1C=NC(=C1SC2=NC=NC3=C2NC=N3)[N+](=O)[O-],5.0,277.26900000000006,1.1458,115.42000000000002,1.0,7.0
Darbepoetin alfa,,,,,,,
Doxorubicin,CC1C(C(CC(O1)OC2CC(CC3=C2C(=C4C(=C3O)C(=O)C5=C(C4=O)C(=CC=C5)OC)O)(C(=O)CO)O)N)O,1.0,543.5250000000003,0.0012999999999995793,206.07,6.0,12.0
Erythropoietin,CC1CC=CC=CC(C(CC(C(C(C(CC(=O)O1)O)OC)OC2C(C(C(C(O2)C)OC3CC(C(C(O3)C)O)(C)O)N(C)C)O)CCO)C)OC4CC(C(C(O4)C)O)(C)O,1.0,848.0370000000001,0.9101000000000068,235.75999999999996,7.0,17.0
Estradiol,CC12CCC3C(C1CCC2O)CCC4=C3C=CC(=C4)O,7.0,272.388,3.6092000000000026,40.46,2.0,2.0
Futibatinib,COC1=CC(=CC(=C1)C#CC2=NN(C3=NC=NC(=C23)N)C4CCN(C4)C(=O)C=C)OC,5.0,418.4570000000003,1.7849000000000004,108.39,1.0,7.0
Infigratinib,CCN1CCN(CC1)C2=CC=C(C=C2)NC3=CC(=NC=N3)N(C)C(=O)NC4=C(C(=CC(=C4Cl)OC)OC)Cl,1.0,560.4860000000003,5.3544000000000045,95.09,2.0,8.0
Methoxy polyethylene glycol-epoetin beta,,,,,,,
Moxetumomab pasudotox,,,,,,,
Pemigatinib,CCN1C2=C3C=C(NC3=NC=C2CN(C1=O)C4=C(C(=CC(=C4F)OC)OC)F)CN5CCOCC5,5.0,487.5070000000003,3.657000000000002,83.16000000000001,1.0,6.0
Selpercatinib,CC(C)(COC1=CN2C(=C(C=N2)C#N)C(=C1)C3=CN=C(C=C3)N4CC5CC(C4)N5CC6=CN=C(C=C6)OC)O,3.0,525.6130000000004,3.284380000000002,112.04,1.0,9.0
AT9283,C1CC1NC(=O)NC2=C(NN=C2)C3=NC4=C(N3)C=C(C=C4)CN5CCOCC5,4.0,381.4400000000003,2.0690999999999997,110.96000000000001,4.0,5.0
Alisertib,COC1=C(C(=CC=C1)F)C2=NCC3=CN=C(N=C3C4=C2C=C(C=C4)Cl)NC5=CC(=C(C=C5)C(=O)O)OC,2.0,518.9320000000002,5.746100000000004,105.93,2.0,7.0
CYC116,CC1=C(SC(=N1)N)C2=NC(=NC=C2)NC3=CC=C(C=C3)N4CCOCC4,6.0,368.46600000000024,3.070920000000001,89.19,2.0,8.0
Darolutamide,CC(CN1C=CC(=N1)C2=CC(=C(C=C2)C#N)Cl)NC(=O)C3=NNC(=C3)C(C)O,5.0,398.8540000000001,2.670080000000001,119.62000000000002,3.0,5.0
MK-5108,C1CC(CCC1OC2=C(C(=CC=C2)Cl)F)(CC3=NC(=CC=C3)NC4=NC=CS4)C(=O)O,4.0,461.9460000000001,5.709300000000004,84.34,2.0,6.0
MLN8054,C1C2=CN=C(N=C2C3=C(C=C(C=C3)Cl)C(=N1)C4=C(C=CC=C4F)F)NC5=CC=C(C=C5)C(=O)O,4.0,476.8700000000001,5.868000000000004,87.47000000000001,2.0,5.0
Medroxyprogesterone acetate,CC1CC2C(CCC3(C2CCC3(C(=O)C)OC(=O)C)C)C4(C1=CC(=O)CC4)C,7.0,386.5320000000002,4.655200000000004,60.440000000000005,0.0,4.0
Megestrol acetate,CC1=CC2C(CCC3(C2CCC3(C(=O)C)OC(=O)C)C)C4(C1=CC(=O)CC4)C,7.0,384.5160000000002,4.575300000000004,60.440000000000005,0.0,4.0
Mitotane,C1=CC=C(C(=C1)C(C2=CC=C(C=C2)Cl)C(Cl)Cl)Cl,6.0,320.04599999999994,5.929000000000001,0.0,0.0,0.0
SNS-314,C1=CC(=CC(=C1)Cl)NC(=O)NC2=NC=C(S2)CCNC3=NC=NC4=C3SC=C4,3.0,430.9460000000002,5.099800000000001,91.83,3.0,7.0
Tesevatinib,CN1CC2CC(CC2C1)COC3=C(C=C4C(=C3)N=CN=C4NC5=C(C(=C(C=C5)Cl)Cl)F)OC,5.0,491.3940000000001,5.794500000000005,59.510000000000005,1.0,6.0
Axitinib,CNC(=O)C1=CC=CC=C1SC2=CC3=C(C=C2)C(=NN3)C=CC4=CC=CC=N4,6.0,386.48,4.6391000000000036,70.67,2.0,4.0
Cediranib,CC1=CC2=C(N1)C=CC(=C2F)OC3=NC=NC4=CC(=C(C=C43)OC)OCCCN5CCCC5,4.0,450.5140000000004,5.224220000000004,72.5,1.0,6.0
Ramucirumab,,,,,,,
Semaxanib,CC1=CC(=C(N1)C=C2C3=CC=CC=C3NC2=O)C,8.0,238.29000000000002,3.1242400000000004,44.89,2.0,1.0
Tucatinib,CC1=C(C=CC(=C1)NC2=NC=NC3=C2C=C(C=C3)NC4=NC(CO4)(C)C)OC5=CC6=NC=NN6C=C5,1.0,480.53200000000027,5.093520000000003,110.85000000000001,2.0,9.0
Vatalanib,C1=CC=C2C(=C1)C(=NN=C2NC3=CC=C(C=C3)Cl)CC4=CC=NC=C4,6.0,346.8210000000001,5.012600000000003,50.7,1.0,4.0
Abrocitinib,CCCS(=O)(=O)NC1CC(C1)N(C)C2=NC=NC3=C2C=CN3,5.0,323.422,1.2545,90.97999999999999,2.0,5.0
Baricitinib,CCS(=O)(=O)N1CC(C1)(CC#N)N2C=C(C=N2)C3=C4C=CNC4=NC=N3,5.0,371.42600000000004,1.09568,120.56,1.0,6.0
Basiliximab,,,,,,,
Belzutifan,CS(=O)(=O)C1=C2C(C(C(C2=C(C=C1)OC3=CC(=CC(=C3)C#N)F)F)F)O,7.0,383.34700000000004,3.288880000000002,87.39,1.0,5.0
Deucravacitinib,CNC(=O)C1=NN=C(C=C1NC2=CC=CC(=C2OC)C3=NN(C=N3)C)NC(=O)C4CC4,4.0,422.4490000000002,1.7323999999999995,135.95000000000002,3.0,8.0
Histamine,C1=C(NC=N1)CCN,7.0,111.14800000000001,-0.08910000000000007,54.7,2.0,2.0
Ruxolitinib,C1CCC(C1)C(CC#N)N2C=C(C=N2)C3=C4C=CNC4=NC=N3,7.0,306.37300000000005,3.466380000000002,83.17999999999999,1.0,4.0
Sarilumab,,,,,,,
Satralizumab,,,,,,,
Tocilizumab,,,,,,,
Tofacitinib,CC1CCN(CC1N(C)C2=NC=NC3=C2C=CN3)C(=O)CC#N,7.0,312.3770000000001,1.5447799999999998,88.91,1.0,5.0
Omacetaxine mepesuccinate,CC(C)(CCCC(CC(=O)OC)(C(=O)OC1C2C3=CC4=C(C=C3CCN5C2(CCC5)C=C1OC)OCO4)O)O,3.0,545.6290000000006,2.580700000000002,123.99000000000002,2.0,10.0
Amsacrine,COC1=C(C=CC(=C1)NS(=O)(=O)C)NC2=C3C=CC=CC3=NC4=CC=CC=C42,6.0,393.4680000000001,4.511700000000003,80.32,2.0,5.0
Tasonermin,,,,,,,
Acalabrutinib,CC#CC(=O)N1CCCC1C2=NC(=C3N2C=CN=C3N)C4=CC=C(C=C4)C(=O)NC5=CC=CC=N5,4.0,465.51700000000017,3.3126000000000015,118.51,2.0,6.0
Branebrutinib,CC#CC(=O)NC1CCCN(C1)C2=C(C=C(C3=C2C(=C(N3)C)C)C(=O)N)F,5.0,370.42800000000005,2.13104,91.22,3.0,3.0
Ibrutinib,C=CC(=O)N1CCCC(C1)N2C3=NC=NC(=C3C(=N2)C4=CC=C(C=C4)OC5=CC=CC=C5)N,4.0,440.5070000000002,4.2173000000000025,99.16,1.0,6.0
Olokizumab,,,,,,,
Pegademase,,,,,,,
Siltuximab,,,,,,,
Spebrutinib,COCCOC1=CC=C(C=C1)NC2=NC=C(C(=N2)NC3=CC(=CC=C3)NC(=O)C=C)F,4.0,423.44800000000015,4.252600000000002,97.4,3.0,7.0
Abatacept,,,,,,,
Ipilimumab,,,,,,,
TAK-901,CCS(=O)(=O)C1=CC=CC(=C1)C2=CC(=C(C3=C2C4=C(N3)N=CC(=C4)C)C)C(=O)NC5CCN(CC5)C,3.0,504.6560000000003,4.6175400000000035,95.16,2.0,5.0
Tremelimumab,,,,,,,
AZD-8330,CC1=CC(=C(N(C1=O)C)NC2=C(C=C(C=C2)I)F)C(=O)NOCCO,4.0,461.23100000000017,1.83472,92.59,3.0,5.0
Voclosporin,CCC1C(=O)N(CC(=O)N(C(C(=O)NC(C(=O)N(C(C(=O)NC(C(=O)NC(C(=O)N(C(C(=O)N(C(C(=O)N(C(C(=O)N(C(C(=O)N1)C(C(C)CC=CC=C)O)C)C(C)C)C)CC(C)C)C)CC(C)C)C)C)C)CC(C)C)C)C(C)C)CC(C)C)C)C,2.0,1214.6459999999984,3.4351000000000047,278.8,5.0,12.0
Bortezomib,B(C(CC(C)C)NC(=O)C(CC1=CC=CC=C1)NC(=O)C2=NC=CN=C2)(O)O,3.0,384.2450000000001,0.36059999999999875,124.44000000000001,4.0,6.0
Eflapegrastim,,,,,,,
Filgrastim,,,,,,,
Lenograstim,,,,,,,
Lipegfilgrastim,,,,,,,
Pegfilgrastim,,,,,,,
Belumosudil,CC(C)NC(=O)COC1=CC=CC(=C1)C2=NC3=CC=CC=C3C(=N2)NC4=CC5=C(C=C4)NN=C5,3.0,452.51800000000014,4.820100000000003,104.82000000000001,3.0,6.0
Fasudil,C1CNCCN(C1)S(=O)(=O)C2=CC=CC3=C2C=CN=C3,8.0,291.37600000000003,1.2188,62.300000000000004,1.0,4.0
Cabazitaxel,CC1=C2C(C(=O)C3(C(CC4C(C3C(C(C2(C)C)(CC1OC(=O)C(C(C5=CC=CC=C5)NC(=O)OC(C)(C)C)O)O)OC(=O)C6=CC=CC=C6)(CO4)OC(=O)C)OC)C)OC,2.0,835.9440000000003,4.5678000000000045,202.44999999999996,3.0,14.0
Vincristine,CCC1(CC2CC(C3=C(CCN(C2)C1)C4=CC=CC=C4N3)(C5=C(C=C6C(=C5)C78CCN9C7C(C=CC9)(C(C(C8N6C=O)(C(=O)OC)O)OC(=O)C)CC)OC)C(=O)OC)O,2.0,824.9720000000002,3.517500000000003,171.17000000000002,3.0,12.0
Inotuzumab ozogamicin,,,,,,,
Emapalumab,,,,,,,
Pimecrolimus,CCC1C=C(CC(CC(C2C(CC(C(O2)(C(=O)C(=O)N3CCCCC3C(=O)OC(C(C(CC1=O)O)C)C(=CC4CCC(C(C4)OC)Cl)C)O)C)OC)OC)C)C,1.0,810.4660000000001,5.719400000000006,158.13,2.0,11.0
Tacrolimus,CC1CC(C2C(CC(C(O2)(C(=O)C(=O)N3CCCCC3C(=O)OC(C(C(CC(=O)C(C=C(C1)C)CC=C)O)C)C(=CC4CCC(C(C4)OC)O)C)O)C)OC)OC,2.0,804.0310000000002,4.639000000000004,178.35999999999999,3.0,12.0
Plerixafor,C1CNCCNCCCN(CCNC1)CC2=CC=C(C=C2)CN3CCCNCCNCCCNCC3,3.0,502.79600000000045,0.41580000000000733,78.66,6.0,8.0
Rilonacept,,,,,,,
Atezolizumab,,,,,,,
Avelumab,,,,,,,
Cemiplimab,,,,,,,
Dostarlimab,,,,,,,
Durvalumab,,,,,,,
Nivolumab,,,,,,,
Pembrolizumab,,,,,,,
Retifanlimab,,,,,,,
Tislelizumab,,,,,,,
Fedratinib,CC1=CN=C(N=C1NC2=CC(=CC=C2)S(=O)(=O)NC(C)(C)C)NC3=CC=C(C=C3)OCCN4CCCC4,2.0,524.6910000000004,4.823620000000004,108.48,3.0,8.0
Filgotinib,C1CC1C(=O)NC2=NN3C(=N2)C=CC=C3C4=CC=C(C=C4)CN5CCS(=O)(=O)CC5,5.0,425.5140000000003,1.9752,96.67000000000002,1.0,6.0
Mifamurtide,CCCCCCCCCCCCCCCC(=O)OCC(COP(=O)([O-])OCCNC(=O)C(C)NC(=O)CCC(C(=O)N)NC(=O)C(C)NC(=O)C(C)OC(C(C=O)NC(=O)C)C(C(CO)O)O)OC(=O)CCCCCCCCCCCCCCC.O.[Na+],2.0,1277.5150000000006,1.1521999999999886,418.27000000000004,9.0,19.0
Upadacitinib,CCC1CN(CC1C2=CN=C3N2C4=C(NC=C4)N=C3)C(=O)NCC(F)(F)F,7.0,380.3740000000001,2.9079000000000006,78.32,2.0,3.0
Sargramostim,,,,,,,
Vedolizumab,,,,,,,
Duvelisib,CC(C1=CC2=C(C(=CC=C2)Cl)C(=O)N1C3=CC=CC=C3)NC4=NC=NC5=C4NC=N5,6.0,416.87200000000007,4.483500000000003,88.49,2.0,5.0
Cladribine,C1C(C(OC1N2C=NC3=C(N=C(N=C32)Cl)N)CO)O,4.0,285.691,-0.2974000000000001,119.31,3.0,7.0
Docetaxel,CC1=C2C(C(=O)C3(C(CC4C(C3C(C(C2(C)C)(CC1OC(=O)C(C(C5=CC=CC=C5)NC(=O)OC(C)(C)C)O)O)OC(=O)C6=CC=CC=C6)(CO4)OC(=O)C)O)C)O,2.0,807.8900000000004,3.259600000000003,224.44999999999996,5.0,14.0
Eribulin,CC1CC2CCC3C(=C)CC(O3)CCC45CC6C(O4)C7C(O6)C(O5)C8C(O7)CCC(O8)CC(=O)CC9C(CC(C1=C)O2)OC(C9OC)CC(CN)O,3.0,729.9080000000001,3.4380000000000046,146.39000000000001,2.0,12.0
Paclitaxel,CC1=C2C(C(=O)C3(C(CC4C(C3C(C(C2(C)C)(CC1OC(=O)C(C(C5=CC=CC=C5)NC(=O)C6=CC=CC=C6)O)O)OC(=O)C7=CC=CC=C7)(CO4)OC(=O)C)O)C)OC(=O)C,1.0,853.9180000000003,3.735700000000004,221.28999999999996,4.0,14.0
Venetoclax,CC1(CCC(=C(C1)C2=CC=C(C=C2)Cl)CN3CCN(CC3)C4=CC(=C(C=C4)C(=O)NS(=O)(=O)C5=CC(=C(C=C5)NCC6CCOCC6)[N+](=O)[O-])OC7=CN=C8C(=C7)C=CN8)C,1.0,868.4569999999998,8.659900000000006,172.03,3.0,11.0
Ancestim,,,,,,,
Avapritinib,CC(C1=CC=C(C=C1)F)(C2=CN=C(N=C2)N3CCN(CC3)C4=NC=NN5C4=CC(=C5)C6=CN(N=C6)C)N,3.0,498.5700000000003,2.6077000000000004,106.28999999999999,1.0,8.0
Nilotinib,CC1=C(C=C(C=C1)C(=O)NC2=CC(=CC(=C2)C(F)(F)F)N3C=C(N=C3)C)NC4=NC=CC(=N4)C5=CN=CC=C5,2.0,529.5260000000002,6.355840000000004,97.62,2.0,6.0
Adagrasib,CN1CCCC1COC2=NC3=C(CCN(C3)C4=CC=CC5=C4C(=CC=C5)Cl)C(=N2)N6CCN(C(C6)CC#N)C(=O)C(=C)F,4.0,604.1300000000001,4.732980000000005,88.83000000000001,0.0,8.0
Sotorasib,CC1CN(CCN1C2=NC(=O)N(C3=NC(=C(C=C32)F)C4=C(C=CC=C4F)O)C5=C(C=CN=C5C(C)C)C)C(=O)C=C,3.0,560.6050000000002,4.4814200000000035,104.44999999999999,1.0,7.0
Belimumab,,,,,,,
Celecoxib,CC1=CC=C(C=C1)C2=CC(=NN2C3=CC=C(C=C3)S(=O)(=O)N)C(F)(F)F,6.0,381.3790000000001,3.5139200000000015,77.98,1.0,3.0
Lenalidomide,C1CC(=O)NC(=O)C1N2CC3=C(C2=O)C=CC=C3N,4.0,259.265,0.029799999999999494,92.5,2.0,4.0
Cobimetinib,C1CCNC(C1)C2(CN(C2)C(=O)C3=C(C(=C(C=C3)F)F)NC4=C(C=C(C=C4)I)F)O,6.0,531.3160000000001,3.7811000000000026,64.60000000000001,3.0,4.0
